id,begin_date,end_date
1,2019-11-27 03:35:56,2019-11-27 19:56:23
2,2019-06-13 16:41:49,2019-06-23 04:34:58
3,2019-11-23 02:05:37,2019-12-17 22:40:33
4,2020-07-16 18:07:12,2020-08-13 16:41:07
5,2020-01-13 14:05:47,2020-02-10 08:08:41
6,2019-05-03 17:21:00,2019-05-03 20:23:54
7,2020-07-04 16:57:16,2020-07-30 05:47:39
8,2019-05-09 08:02:50,2019-05-19 01:54:36
9,2019-06-23 02:14:28,2019-06-30 20:47:20
10,2019-10-11 21:04:57,2019-10-23 04:05:15
11,2020-01-09 20:53:17,2020-01-25 04:54:01
12,2019-06-28 06:40:28,2019-07-13 21:11:35
13,2018-12-30 04:46:44,2019-01-02 01:29:01
14,2020-09-09 11:41:28,2020-10-03 00:29:44
15,2020-09-22 20:59:12,2020-10-15 14:05:50
16,2019-07-22 03:34:57,2019-07-25 00:38:39
17,2020-05-16 00:28:57,2020-05-25 20:47:13
18,2019-02-18 01:09:19,2019-02-26 11:51:49
19,2020-03-29 05:36:27,2020-04-02 16:59:48
20,2019-02-06 08:32:37,2019-03-02 13:06:25
21,2020-10-17 20:22:58,2020-11-05 13:53:46
22,2018-12-04 20:16:34,2018-12-21 18:53:23
23,2020-05-16 20:26:32,2020-05-28 00:42:22
24,2019-07-21 07:03:31,2019-08-15 03:46:48
25,2019-10-09 16:30:26,2019-10-24 21:46:47
26,2020-06-06 22:02:05,2020-06-21 18:52:42
27,2020-09-28 04:30:37,2020-10-23 22:25:37
28,2020-01-29 22:48:37,2020-02-21 18:37:50
29,2020-07-07 19:16:19,2020-07-18 04:45:54
30,2020-09-07 12:34:20,2020-09-10 17:28:02
31,2019-05-08 07:32:28,2019-05-19 01:51:57
32,2020-04-30 22:49:43,2020-05-16 10:16:52
33,2019-04-17 22:45:43,2019-05-14 10:43:26
34,2020-08-02 01:34:10,2020-08-20 20:08:37
35,2019-03-03 05:00:21,2019-03-10 12:38:23
36,2020-01-03 07:32:03,2020-02-01 02:23:15
37,2019-12-02 15:08:27,2019-12-13 06:01:04
38,2020-01-23 12:19:41,2020-02-16 21:31:46
39,2020-05-25 01:29:08,2020-06-13 11:11:54
40,2019-08-20 10:53:50,2019-08-25 13:21:59
41,2019-07-31 10:36:15,2019-08-14 12:17:03
42,2019-09-18 19:36:59,2019-10-14 19:32:24
43,2020-04-10 00:24:24,2020-04-20 12:10:58
44,2019-08-28 03:28:27,2019-09-12 13:07:50
45,2020-09-25 14:13:21,2020-10-18 07:19:53
46,2019-01-10 08:08:44,2019-01-18 07:57:10
47,2019-02-16 08:12:25,2019-03-08 23:45:26
48,2019-09-28 18:45:50,2019-10-17 03:08:02
49,2020-02-14 04:12:13,2020-02-19 08:20:03
50,2020-09-13 05:46:11,2020-10-09 22:29:21
51,2020-08-02 08:37:01,2020-08-05 17:10:28
52,2019-09-23 07:39:17,2019-09-23 12:40:44
53,2019-04-17 17:25:03,2019-05-01 08:02:10
54,2019-01-10 19:31:07,2019-01-16 19:41:52
55,2019-01-29 06:15:41,2019-02-25 06:13:50
56,2020-07-04 01:26:27,2020-07-16 14:58:38
57,2020-01-29 08:36:23,2020-02-05 18:54:00
58,2019-09-23 18:37:58,2019-10-19 13:55:46
59,2020-08-21 21:00:35,2020-08-26 20:09:43
60,2020-07-05 23:14:17,2020-07-10 15:08:19
61,2019-08-12 08:27:52,2019-08-15 10:26:33
62,2019-02-04 16:38:16,2019-03-02 11:10:16
63,2020-06-30 16:30:08,2020-07-02 02:31:19
64,2020-08-14 12:33:01,2020-08-20 23:09:07
65,2018-12-03 05:25:08,2018-12-20 04:48:56
66,2020-02-13 06:31:10,2020-03-03 06:43:47
67,2019-02-12 03:49:20,2019-02-21 03:03:30
68,2020-10-01 10:59:51,2020-10-02 21:46:17
69,2020-02-16 10:24:53,2020-02-27 04:48:59
70,2020-04-11 19:06:59,2020-04-15 17:08:19
71,2019-06-29 11:36:30,2019-07-02 08:31:53
72,2019-05-06 18:54:18,2019-05-23 07:58:32
73,2019-08-13 13:22:54,2019-09-10 00:01:32
74,2019-06-08 21:08:18,2019-06-24 14:26:37
75,2020-08-30 05:36:05,2020-09-15 19:31:10
76,2020-08-25 14:25:52,2020-08-29 10:11:33
77,2020-03-25 00:22:45,2020-04-06 04:47:06
78,2020-11-23 06:50:02,2020-12-01 23:50:44
79,2020-05-20 07:00:26,2020-06-08 06:04:10
80,2020-11-05 03:51:08,2020-11-19 18:00:14
81,2019-10-20 17:30:06,2019-11-13 05:03:04
82,2020-05-08 18:47:57,2020-05-21 19:22:29
83,2019-04-14 14:47:26,2019-04-25 08:43:35
84,2020-02-16 19:35:16,2020-03-14 04:46:51
85,2020-07-03 20:10:10,2020-07-06 18:28:12
86,2019-07-07 19:26:47,2019-07-09 08:55:51
87,2020-03-12 06:59:46,2020-04-07 15:39:43
88,2019-10-27 11:31:48,2019-11-22 03:17:42
89,2018-12-07 19:56:11,2018-12-08 05:22:06
90,2020-10-09 08:46:55,2020-11-03 18:53:42
91,2020-08-09 10:15:20,2020-08-17 04:25:33
92,2019-08-02 03:49:05,2019-08-27 11:09:35
93,2019-04-03 20:46:37,2019-04-22 02:10:06
94,2019-12-06 11:59:41,2019-12-12 16:26:31
95,2020-03-25 22:14:39,2020-04-22 21:08:57
96,2020-10-14 19:58:10,2020-11-08 10:01:01
97,2019-04-27 22:57:01,2019-05-01 19:59:04
98,2019-11-13 14:30:16,2019-11-25 07:27:42
99,2019-04-15 11:10:12,2019-05-01 19:24:20
100,2020-06-15 10:17:23,2020-07-13 11:39:24
101,2019-09-27 10:34:34,2019-10-06 19:30:38
102,2019-06-06 20:05:31,2019-07-02 13:59:21
103,2019-08-21 16:43:32,2019-09-07 22:43:35
104,2018-12-09 10:30:18,2018-12-20 12:07:59
105,2020-04-10 03:56:42,2020-04-26 22:31:46
106,2020-10-29 04:32:24,2020-11-26 19:25:22
107,2020-01-15 03:25:26,2020-02-06 18:55:17
108,2020-02-12 07:33:49,2020-02-14 18:23:17
109,2019-05-25 01:34:11,2019-06-07 17:29:21
110,2019-05-09 18:39:25,2019-05-15 17:22:36
111,2020-04-10 18:46:04,2020-04-27 19:29:48
112,2020-04-15 02:15:47,2020-04-29 23:13:35
113,2020-04-21 14:01:31,2020-04-28 16:57:38
114,2020-04-30 13:11:58,2020-05-07 06:57:58
115,2018-12-02 09:25:28,2018-12-04 05:08:55
116,2019-08-10 18:34:06,2019-09-01 19:39:37
117,2019-11-24 22:11:56,2019-12-18 07:43:45
118,2019-09-25 02:46:03,2019-10-13 13:02:11
119,2019-07-09 17:43:58,2019-07-17 08:13:13
120,2020-08-08 16:19:10,2020-08-28 13:28:27
121,2019-02-20 15:44:52,2019-03-04 15:35:11
122,2018-12-23 20:34:58,2019-01-11 17:45:55
123,2019-04-22 14:16:27,2019-04-30 08:44:10
124,2019-04-27 10:14:42,2019-05-11 09:56:03
125,2019-05-10 06:12:01,2019-06-06 20:59:14
126,2020-07-02 09:16:18,2020-07-06 18:44:14
127,2019-09-25 11:56:16,2019-10-01 13:08:23
128,2020-01-27 11:22:08,2020-02-04 00:53:43
129,2019-11-04 00:48:19,2019-11-07 19:30:16
130,2019-03-04 12:13:46,2019-03-15 22:57:42
131,2020-07-02 18:56:13,2020-07-10 07:34:26
132,2018-12-19 09:34:08,2018-12-28 14:53:01
133,2019-03-04 10:53:12,2019-03-24 20:20:08
134,2020-07-31 09:16:44,2020-08-14 00:42:35
135,2019-06-21 15:39:36,2019-07-13 16:12:37
136,2020-10-09 00:54:04,2020-10-09 06:29:31
137,2020-06-23 09:01:31,2020-07-12 09:21:54
138,2019-12-26 04:47:47,2020-01-17 06:22:35
139,2019-01-31 04:36:10,2019-02-12 03:59:20
140,2020-06-30 02:58:15,2020-07-27 15:03:19
141,2019-04-13 23:08:14,2019-04-19 18:55:20
142,2019-07-26 05:11:58,2019-08-19 02:12:33
143,2019-06-18 06:24:27,2019-06-26 00:08:49
144,2020-03-26 20:38:02,2020-04-18 18:12:43
145,2019-10-17 02:13:21,2019-11-04 02:41:15
146,2020-04-16 09:37:48,2020-04-25 17:34:16
147,2019-10-15 15:40:48,2019-11-02 14:09:30
148,2019-11-12 09:00:09,2019-12-02 08:17:52
149,2020-09-29 23:05:45,2020-10-21 15:42:23
150,2019-06-09 16:19:59,2019-06-14 21:04:24
151,2019-08-18 05:04:25,2019-09-15 22:41:47
152,2019-05-30 09:17:47,2019-06-18 01:18:17
153,2019-05-21 06:15:25,2019-06-09 10:41:42
154,2019-06-21 00:50:41,2019-07-09 04:02:29
155,2020-03-15 18:17:17,2020-04-04 12:52:19
156,2019-12-12 10:37:52,2019-12-12 12:38:22
157,2020-03-20 16:19:14,2020-04-09 05:26:28
158,2020-04-01 23:05:48,2020-04-29 01:45:42
159,2019-05-27 03:39:10,2019-06-12 09:01:42
160,2020-08-02 12:22:37,2020-08-27 19:23:39
161,2019-08-01 07:59:52,2019-08-09 03:02:31
162,2020-07-06 10:03:18,2020-08-02 12:47:07
163,2019-09-25 05:06:24,2019-10-21 18:16:56
164,2019-02-03 13:06:25,2019-02-11 08:37:33
165,2019-07-19 17:19:08,2019-07-28 18:41:13
166,2020-09-27 21:18:53,2020-10-17 11:35:37
167,2020-07-11 03:29:19,2020-08-05 11:31:13
168,2019-09-14 01:46:32,2019-09-27 00:53:27
169,2019-07-11 05:42:23,2019-08-04 09:56:48
170,2020-05-21 22:34:40,2020-05-25 15:35:36
171,2020-03-30 20:42:13,2020-04-01 10:50:24
172,2019-06-19 18:15:51,2019-06-21 00:56:30
173,2019-10-21 17:56:37,2019-11-04 17:32:02
174,2020-07-21 16:20:00,2020-08-02 05:10:29
175,2019-04-25 18:34:08,2019-05-19 05:06:22
176,2020-05-13 23:35:29,2020-06-01 20:28:06
177,2020-08-25 07:09:47,2020-09-17 16:25:14
178,2019-01-09 10:00:32,2019-01-19 16:21:32
179,2019-07-17 08:20:51,2019-07-27 09:48:44
180,2020-05-18 04:24:33,2020-05-27 01:21:27
181,2019-03-04 15:27:57,2019-03-17 14:35:05
182,2020-10-01 23:53:57,2020-10-16 07:20:30
183,2020-06-07 03:57:53,2020-06-09 20:42:47
184,2019-12-14 22:44:43,2019-12-25 01:01:57
185,2019-04-19 10:34:42,2019-04-22 08:16:51
186,2020-09-04 16:00:50,2020-09-21 06:57:14
187,2019-10-29 01:25:53,2019-11-19 18:38:34
188,2019-05-19 17:47:59,2019-05-26 21:06:03
189,2019-06-11 03:17:52,2019-06-14 12:44:48
190,2020-01-30 04:07:09,2020-01-31 12:42:03
191,2019-11-26 17:02:16,2019-12-13 20:01:08
192,2018-12-29 01:36:19,2019-01-02 17:59:46
193,2020-01-28 06:44:44,2020-02-20 23:27:27
194,2019-05-09 05:00:18,2019-05-17 14:14:43
195,2019-02-08 19:40:28,2019-02-21 05:13:17
196,2020-11-22 06:25:28,2020-11-26 12:28:46
197,2020-08-02 01:39:31,2020-08-11 04:41:33
198,2019-10-08 06:03:42,2019-11-03 23:55:56
199,2020-09-11 18:32:05,2020-09-23 23:53:01
200,2019-09-28 15:02:23,2019-10-01 04:25:30
201,2020-04-10 04:50:11,2020-04-23 11:25:50
202,2019-09-12 13:41:47,2019-09-19 11:20:33
203,2019-10-15 01:35:38,2019-11-05 07:36:57
204,2019-04-26 21:38:32,2019-05-02 15:19:13
205,2019-10-17 09:51:44,2019-10-28 16:18:48
206,2019-03-03 06:50:15,2019-03-04 16:50:49
207,2019-04-03 12:22:18,2019-04-09 20:01:01
208,2019-12-15 05:42:02,2019-12-29 05:08:18
209,2019-01-15 05:05:30,2019-02-02 04:01:21
210,2019-11-26 06:58:00,2019-12-08 05:35:15
211,2019-06-23 05:01:50,2019-07-05 22:27:08
212,2019-05-12 01:23:53,2019-05-15 13:57:23
213,2020-01-22 17:17:54,2020-01-29 02:54:06
214,2019-08-17 03:06:02,2019-09-04 20:36:25
215,2019-01-14 03:56:31,2019-01-20 01:36:49
216,2020-03-21 09:36:12,2020-03-24 13:03:48
217,2019-08-10 06:00:18,2019-09-02 19:09:16
218,2019-08-02 08:21:26,2019-08-20 11:02:39
219,2019-07-11 22:43:09,2019-07-28 21:01:51
220,2019-02-18 15:40:47,2019-02-24 02:47:51
221,2019-10-15 04:20:17,2019-10-20 10:59:19
222,2020-06-22 13:14:33,2020-06-28 15:51:37
223,2019-10-19 12:38:37,2019-11-02 06:35:41
224,2020-10-11 19:45:38,2020-10-29 11:01:22
225,2019-07-20 05:37:12,2019-07-31 09:21:32
226,2019-05-22 20:57:53,2019-05-27 16:37:58
227,2020-04-11 21:36:24,2020-04-21 07:22:53
228,2020-09-05 12:05:42,2020-09-24 22:25:20
229,2020-03-30 07:46:50,2020-04-07 21:47:41
230,2020-05-24 23:39:32,2020-06-14 22:53:30
231,2020-11-01 14:10:16,2020-11-27 09:53:24
232,2020-05-16 07:01:43,2020-05-24 17:34:45
233,2019-08-19 20:37:11,2019-08-26 14:07:12
234,2020-06-01 13:27:59,2020-06-10 09:10:24
235,2020-11-19 12:58:46,2020-12-11 08:33:36
236,2019-03-07 07:39:37,2019-03-30 02:52:54
237,2020-08-10 02:22:45,2020-09-05 02:18:14
238,2020-04-29 11:01:03,2020-05-11 09:26:49
239,2019-03-03 19:25:42,2019-03-23 03:45:08
240,2018-12-29 18:45:47,2019-01-26 01:13:39
241,2020-07-26 21:06:37,2020-08-22 02:32:48
242,2019-02-27 01:05:09,2019-03-25 01:52:10
243,2020-02-20 02:38:28,2020-03-12 14:20:17
244,2020-10-17 03:01:24,2020-10-19 22:15:18
245,2019-08-05 00:16:46,2019-08-13 00:24:49
246,2019-06-02 07:17:21,2019-06-14 13:19:21
247,2019-09-13 13:12:32,2019-10-01 20:52:32
248,2020-05-05 18:04:44,2020-05-06 20:39:50
249,2020-09-12 21:33:16,2020-09-27 13:34:50
250,2019-10-27 22:08:15,2019-10-29 18:26:31
251,2020-08-28 10:33:25,2020-09-09 04:39:28
252,2019-05-23 00:06:26,2019-05-23 18:10:57
253,2019-06-06 16:43:37,2019-06-07 23:40:33
254,2019-05-06 01:52:17,2019-05-27 01:15:41
255,2019-09-05 03:05:00,2019-09-07 13:58:08
256,2020-06-25 23:38:22,2020-07-17 21:47:05
257,2019-06-15 04:45:25,2019-07-13 17:48:12
258,2020-01-19 11:58:33,2020-02-15 02:52:40
259,2019-10-20 16:32:23,2019-10-29 17:29:24
260,2020-06-07 17:43:17,2020-06-23 16:11:09
261,2019-08-18 02:14:38,2019-09-01 06:24:36
262,2019-05-27 20:16:14,2019-06-23 10:49:04
263,2019-05-14 01:10:47,2019-06-02 18:40:45
264,2020-07-22 10:55:07,2020-08-05 22:51:13
265,2018-12-05 20:16:42,2018-12-10 03:36:33
266,2019-09-04 00:11:04,2019-09-08 11:24:19
267,2019-07-20 02:43:30,2019-08-11 09:49:54
268,2019-09-27 01:15:35,2019-10-23 02:06:52
269,2020-04-27 13:15:18,2020-04-28 23:51:35
270,2019-08-09 16:59:56,2019-08-28 09:45:22
271,2020-02-01 09:01:50,2020-02-25 05:05:36
272,2020-08-12 12:05:39,2020-08-18 00:42:48
273,2019-05-02 19:04:31,2019-05-04 22:12:43
274,2020-08-28 08:03:14,2020-09-22 13:26:48
275,2019-10-31 17:30:15,2019-11-29 16:33:21
276,2020-08-31 14:04:41,2020-09-11 08:23:22
277,2020-11-11 11:14:31,2020-11-28 23:25:48
278,2019-08-23 16:43:57,2019-08-24 02:28:23
279,2019-09-01 09:46:44,2019-09-28 16:12:17
280,2020-05-29 02:10:00,2020-06-14 17:33:43
281,2020-07-13 15:34:10,2020-08-05 06:32:35
282,2020-05-08 11:32:16,2020-05-11 16:41:53
283,2020-03-24 00:06:16,2020-04-18 16:43:53
284,2020-01-04 00:55:22,2020-01-17 15:32:53
285,2019-10-22 20:15:09,2019-10-25 20:26:46
286,2019-02-18 08:09:08,2019-03-06 21:56:53
287,2020-02-23 08:46:24,2020-03-06 20:29:52
288,2019-10-18 09:45:33,2019-11-11 15:17:11
289,2019-05-08 05:08:28,2019-05-22 10:15:30
290,2019-02-17 05:19:06,2019-03-15 23:06:32
291,2019-06-22 15:11:14,2019-07-19 06:03:51
292,2019-11-24 15:29:04,2019-11-25 21:22:06
293,2019-02-06 09:54:01,2019-03-05 22:58:57
294,2020-08-16 18:12:39,2020-09-07 09:46:29
295,2019-06-09 12:23:18,2019-07-05 08:34:36
296,2019-03-22 13:48:29,2019-03-28 18:15:21
297,2020-05-29 03:06:33,2020-06-17 12:08:38
298,2019-02-15 03:06:30,2019-03-07 14:41:19
299,2019-08-08 17:50:23,2019-08-11 03:34:44
300,2020-10-02 19:47:05,2020-10-31 02:14:21
301,2020-08-31 05:33:38,2020-09-24 14:47:38
302,2019-07-14 16:06:47,2019-07-28 01:05:17
303,2019-04-10 21:51:08,2019-04-25 04:12:28
304,2019-04-17 10:23:56,2019-04-28 18:29:57
305,2019-07-26 10:25:41,2019-08-08 13:07:48
306,2020-01-09 23:28:11,2020-01-14 22:43:33
307,2018-12-11 15:27:24,2018-12-14 14:35:01
308,2019-05-22 06:56:34,2019-05-26 17:59:38
309,2019-04-10 04:29:31,2019-04-22 08:16:12
310,2020-05-09 17:37:40,2020-06-06 06:07:52
311,2020-11-24 20:21:15,2020-12-12 14:49:37
312,2020-07-27 13:28:14,2020-07-29 02:34:24
313,2019-03-10 02:42:43,2019-03-15 17:49:50
314,2020-11-18 21:17:47,2020-11-23 22:41:14
315,2019-01-22 12:35:24,2019-01-31 13:16:08
316,2020-06-20 05:53:04,2020-06-21 21:19:58
317,2019-05-31 12:13:08,2019-06-08 04:29:13
318,2019-08-08 00:58:48,2019-08-12 01:07:49
319,2020-07-11 16:35:29,2020-07-26 19:21:30
320,2020-03-13 00:46:17,2020-03-16 02:02:41
321,2018-12-02 11:48:55,2018-12-13 20:16:09
322,2019-05-02 16:28:32,2019-05-23 17:13:29
323,2019-03-21 20:01:07,2019-04-12 14:34:53
324,2020-05-25 16:57:59,2020-06-15 04:42:29
325,2020-06-26 05:31:53,2020-07-24 01:22:29
326,2020-10-27 21:33:09,2020-11-12 12:10:46
327,2019-05-08 13:56:29,2019-05-08 19:25:59
328,2019-05-21 04:59:46,2019-06-13 12:39:56
329,2020-08-06 04:58:47,2020-08-10 06:30:33
330,2019-10-01 03:54:06,2019-10-12 13:23:36
331,2020-11-24 04:41:47,2020-12-02 19:39:27
332,2018-12-02 23:46:41,2018-12-31 15:34:48
333,2019-08-27 04:00:41,2019-08-28 21:22:27
334,2020-07-26 07:05:54,2020-08-04 11:01:39
335,2020-01-02 18:04:24,2020-01-04 21:11:28
336,2019-03-22 17:35:44,2019-04-06 08:34:28
337,2020-11-16 14:00:13,2020-11-28 02:18:58
338,2020-01-29 15:25:11,2020-02-17 21:19:28
339,2019-04-03 12:57:44,2019-04-18 16:39:01
340,2020-08-06 18:14:44,2020-08-07 17:16:10
341,2019-03-22 10:37:07,2019-03-24 01:16:05
342,2020-06-03 04:13:49,2020-06-07 07:37:55
343,2019-03-20 17:51:46,2019-03-31 13:11:16
344,2019-09-11 01:25:45,2019-09-24 05:53:03
345,2020-01-12 18:39:29,2020-01-15 16:44:11
346,2019-09-25 14:35:29,2019-10-17 08:57:13
347,2019-07-17 07:26:30,2019-08-04 11:33:08
348,2019-11-26 22:33:03,2019-12-14 17:33:49
349,2020-08-08 07:50:45,2020-08-09 13:35:12
350,2019-01-17 18:37:33,2019-01-21 13:05:00
351,2020-04-20 06:41:47,2020-05-11 03:36:34
352,2019-03-08 11:22:14,2019-03-23 03:23:28
353,2018-12-25 14:58:32,2019-01-11 07:12:29
354,2020-06-24 19:06:11,2020-06-25 00:00:47
355,2020-08-24 13:07:48,2020-09-06 21:58:42
356,2020-02-03 16:40:10,2020-03-03 09:18:23
357,2020-06-26 17:03:12,2020-07-06 02:47:34
358,2019-09-04 02:03:50,2019-09-25 18:08:08
359,2020-03-08 06:38:20,2020-03-24 19:42:53
360,2018-12-05 07:38:27,2018-12-21 01:24:33
361,2020-02-27 23:19:38,2020-02-28 12:09:28
362,2020-07-09 04:03:11,2020-07-12 22:07:50
363,2019-09-06 23:46:16,2019-09-28 19:12:37
364,2019-03-27 07:23:08,2019-03-30 17:13:57
365,2019-03-06 17:10:16,2019-03-28 18:52:14
366,2018-12-18 08:12:30,2018-12-21 04:06:50
367,2020-05-19 04:24:41,2020-06-10 02:07:59
368,2020-10-21 11:52:32,2020-10-30 09:27:00
369,2019-09-13 14:29:23,2019-09-19 22:09:08
370,2020-06-16 05:45:14,2020-06-16 07:18:47
371,2020-05-30 01:48:12,2020-06-15 16:58:54
372,2019-08-10 19:11:08,2019-08-14 19:30:22
373,2020-06-06 19:23:02,2020-06-13 18:30:33
374,2020-04-11 00:41:06,2020-04-15 05:35:39
375,2020-05-04 00:19:47,2020-05-04 23:17:45
376,2019-12-04 19:00:09,2019-12-19 05:39:26
377,2020-07-03 08:40:05,2020-07-20 01:27:27
378,2019-12-03 04:50:55,2019-12-04 13:05:55
379,2019-02-01 06:57:25,2019-02-22 15:00:58
380,2020-11-10 22:10:24,2020-11-20 02:04:29
381,2020-03-31 17:10:20,2020-04-17 13:36:24
382,2019-10-16 20:39:35,2019-11-14 06:11:46
383,2020-08-16 18:45:34,2020-08-21 06:53:23
384,2019-09-18 17:27:33,2019-09-29 19:34:09
385,2019-02-05 11:21:27,2019-02-10 09:13:25
386,2019-03-20 09:42:07,2019-03-27 13:47:25
387,2019-11-09 17:44:55,2019-12-06 23:33:06
388,2019-10-16 22:10:02,2019-10-28 09:40:47
389,2018-12-05 22:28:08,2018-12-10 21:05:21
390,2020-06-18 18:02:29,2020-07-09 07:44:18
391,2020-07-13 17:03:20,2020-07-24 11:04:35
392,2020-11-02 00:09:37,2020-11-13 18:29:29
393,2018-12-14 08:45:06,2018-12-28 23:14:34
394,2019-12-15 00:19:46,2020-01-02 00:06:07
395,2019-12-02 04:50:22,2019-12-25 05:23:43
396,2019-10-16 10:48:52,2019-10-27 16:21:17
397,2019-02-02 08:00:19,2019-02-04 04:15:38
398,2019-04-24 16:18:06,2019-05-09 18:54:29
399,2019-08-12 14:52:45,2019-09-09 16:42:32
400,2019-04-16 21:57:02,2019-04-19 06:55:45
401,2020-01-28 23:04:43,2020-02-17 21:38:12
402,2020-04-04 21:42:25,2020-04-17 13:26:58
403,2019-01-18 19:02:32,2019-02-01 08:55:33
404,2020-09-25 11:02:47,2020-09-25 19:18:27
405,2020-02-29 08:10:00,2020-03-07 23:18:34
406,2019-09-08 14:07:31,2019-10-06 02:49:57
407,2020-06-06 20:36:52,2020-07-04 01:42:00
408,2019-10-23 17:03:09,2019-11-21 16:16:37
409,2019-04-15 09:30:15,2019-05-06 03:55:32
410,2020-08-19 14:35:41,2020-08-22 20:36:11
411,2020-10-11 17:06:57,2020-10-14 14:14:10
412,2020-09-10 17:53:26,2020-09-28 01:10:52
413,2019-02-03 17:03:49,2019-02-28 07:44:17
414,2019-07-03 02:44:26,2019-07-29 22:24:07
415,2019-10-29 00:14:43,2019-11-26 09:45:56
416,2020-07-14 07:05:29,2020-08-04 04:56:29
417,2019-10-01 22:37:58,2019-10-20 06:09:07
418,2020-04-11 06:25:11,2020-04-30 05:42:23
419,2019-03-12 15:10:48,2019-04-03 00:40:05
420,2019-10-26 22:15:43,2019-11-04 11:55:13
421,2019-09-07 18:37:41,2019-09-08 16:57:16
422,2019-11-03 23:20:54,2019-11-17 22:12:42
423,2020-10-22 19:10:08,2020-11-18 18:58:42
424,2019-03-08 05:59:49,2019-03-28 12:54:59
425,2019-01-15 16:00:13,2019-01-25 07:38:24
426,2020-03-19 05:45:30,2020-04-11 04:01:05
427,2019-03-07 21:44:49,2019-03-26 15:31:28
428,2020-06-23 01:12:33,2020-07-07 17:58:04
429,2020-10-25 18:09:44,2020-11-03 21:37:29
430,2020-10-04 13:10:06,2020-10-19 19:53:39
431,2018-12-08 05:31:20,2018-12-31 00:20:44
432,2020-07-17 15:56:44,2020-08-11 12:31:02
433,2020-10-17 19:41:08,2020-10-20 09:27:01
434,2020-08-23 05:47:53,2020-08-30 15:23:31
435,2019-05-30 16:57:09,2019-06-18 22:08:35
436,2020-02-09 05:22:52,2020-03-02 03:54:31
437,2019-09-11 12:56:16,2019-09-13 17:40:16
438,2019-09-11 16:28:37,2019-09-27 08:38:50
439,2020-03-14 23:30:16,2020-03-24 01:46:04
440,2020-04-12 03:51:38,2020-05-05 16:36:02
441,2020-01-19 05:40:05,2020-02-09 18:21:02
442,2020-04-10 03:08:29,2020-04-14 21:26:22
443,2020-06-10 16:27:49,2020-07-02 16:26:00
444,2020-03-02 01:19:20,2020-03-18 12:01:12
445,2020-11-28 19:14:12,2020-12-07 12:42:53
446,2019-03-24 02:02:28,2019-03-30 02:14:21
447,2019-12-16 21:03:59,2020-01-06 00:31:44
448,2019-05-13 12:34:02,2019-05-16 20:00:41
449,2019-11-18 20:14:59,2019-11-30 04:04:29
450,2019-08-04 23:01:35,2019-08-13 02:45:18
451,2019-01-14 10:55:04,2019-01-31 14:58:54
452,2019-05-22 11:34:40,2019-06-09 23:59:07
453,2020-08-19 04:36:05,2020-09-13 08:51:35
454,2020-04-23 00:21:54,2020-05-13 02:53:46
455,2019-07-21 20:34:55,2019-08-01 11:20:04
456,2019-08-06 21:55:36,2019-08-23 19:59:21
457,2020-04-09 01:56:34,2020-04-24 04:43:12
458,2019-07-18 06:47:55,2019-07-29 00:20:43
459,2019-03-07 06:27:11,2019-04-02 00:51:50
460,2019-11-19 02:16:41,2019-11-28 10:42:09
461,2019-08-03 13:32:45,2019-08-08 19:08:21
462,2019-05-11 02:05:55,2019-05-17 20:04:26
463,2020-08-02 06:18:54,2020-08-21 16:32:17
464,2019-08-06 23:24:28,2019-08-07 12:08:35
465,2019-11-14 05:04:20,2019-11-28 05:58:20
466,2020-08-05 01:41:50,2020-08-25 07:55:43
467,2019-10-30 02:46:26,2019-11-26 00:47:43
468,2020-05-22 09:48:04,2020-06-17 13:22:17
469,2019-01-19 06:51:40,2019-01-28 04:20:30
470,2020-01-05 23:22:21,2020-01-09 12:10:28
471,2019-11-17 05:13:49,2019-12-02 22:20:39
472,2019-08-14 17:58:20,2019-08-20 21:23:27
473,2020-08-02 10:25:16,2020-08-29 08:20:49
474,2019-10-10 11:54:40,2019-10-10 13:30:21
475,2019-05-23 12:30:39,2019-06-17 19:05:05
476,2019-01-18 20:01:25,2019-02-07 12:40:45
477,2019-11-30 21:24:13,2019-12-19 19:22:20
478,2019-03-25 10:56:20,2019-03-27 09:46:33
479,2019-01-05 21:06:03,2019-01-05 21:37:43
480,2019-01-25 15:57:12,2019-02-21 01:17:05
481,2020-07-02 01:28:33,2020-07-04 10:38:27
482,2019-07-30 22:23:00,2019-08-12 16:01:00
483,2019-07-17 09:39:09,2019-07-27 22:54:20
484,2019-03-04 01:47:28,2019-03-29 14:40:02
485,2020-01-23 13:32:21,2020-02-08 00:03:12
486,2020-11-30 21:44:26,2020-12-27 22:01:24
487,2019-08-11 19:55:27,2019-08-20 07:08:06
488,2019-06-18 14:45:54,2019-07-16 01:14:29
489,2020-08-11 15:25:01,2020-09-04 21:45:20
490,2020-11-07 22:56:06,2020-12-03 13:58:30
491,2019-08-22 22:20:09,2019-09-02 06:58:22
492,2019-02-20 13:56:33,2019-02-28 14:13:55
493,2019-11-11 06:18:22,2019-12-01 22:13:41
494,2019-06-04 20:05:15,2019-06-24 05:05:25
495,2020-08-21 01:26:46,2020-09-09 15:37:34
496,2019-05-16 00:25:53,2019-06-02 23:46:19
497,2019-05-18 13:59:38,2019-05-20 15:38:41
498,2019-08-26 12:53:04,2019-09-19 09:56:45
499,2019-02-05 09:29:33,2019-02-17 11:23:58
500,2020-06-08 02:54:50,2020-06-15 16:58:17
501,2018-12-07 12:48:57,2019-01-03 13:12:09
502,2019-01-06 03:04:38,2019-01-30 15:53:40
503,2020-03-15 13:26:53,2020-04-01 18:43:46
504,2019-08-24 19:35:13,2019-08-25 01:38:53
505,2019-03-18 17:47:38,2019-04-10 07:02:18
506,2020-04-29 22:21:37,2020-05-28 01:49:05
507,2020-01-30 22:35:30,2020-02-09 05:51:30
508,2019-09-08 09:43:28,2019-10-07 08:46:39
509,2019-06-10 21:46:21,2019-06-21 03:55:26
510,2020-11-29 17:58:40,2020-12-13 16:43:22
511,2019-02-28 18:28:40,2019-03-24 12:42:49
512,2019-05-05 17:04:59,2019-05-07 13:18:42
513,2019-06-24 09:10:04,2019-06-28 09:22:25
514,2020-08-03 22:47:19,2020-08-18 13:06:45
515,2019-07-05 12:15:50,2019-07-22 11:51:43
516,2020-08-01 12:42:53,2020-08-22 09:21:16
517,2020-02-02 04:36:27,2020-02-28 06:24:58
518,2020-09-12 01:38:50,2020-09-30 02:00:11
519,2020-07-08 00:10:35,2020-07-13 01:33:11
520,2020-07-28 05:49:20,2020-08-21 03:41:52
521,2019-12-10 23:25:31,2019-12-15 07:33:13
522,2019-07-01 18:01:06,2019-07-02 15:57:08
523,2020-07-15 07:47:36,2020-07-25 00:04:16
524,2020-07-02 07:54:28,2020-07-24 05:45:30
525,2019-12-19 03:22:31,2019-12-20 10:47:39
526,2020-05-07 03:51:46,2020-05-12 17:36:10
527,2020-08-16 04:36:56,2020-09-10 05:54:03
528,2020-11-07 21:39:53,2020-11-25 19:26:17
529,2019-06-23 07:48:19,2019-07-09 04:12:46
530,2020-10-18 22:53:19,2020-11-07 21:36:14
531,2019-03-18 05:05:51,2019-04-15 10:06:21
532,2020-05-20 23:23:10,2020-06-16 10:45:29
533,2019-04-18 11:27:29,2019-05-03 07:50:57
534,2020-07-27 02:39:54,2020-07-29 06:09:18
535,2019-12-30 07:16:11,2020-01-13 23:33:51
536,2020-09-15 02:43:41,2020-10-14 02:02:02
537,2019-11-06 00:18:30,2019-11-06 17:04:35
538,2020-06-29 16:23:56,2020-07-17 23:32:05
539,2019-09-18 23:58:18,2019-10-03 11:52:31
540,2019-04-19 19:51:50,2019-05-15 11:48:42
541,2020-07-31 13:15:04,2020-08-15 18:02:27
542,2020-06-22 14:46:34,2020-07-03 16:07:49
543,2018-12-17 17:36:09,2018-12-30 01:50:28
544,2019-05-05 19:31:03,2019-05-22 05:39:25
545,2020-01-31 07:59:09,2020-02-03 21:44:44
546,2020-02-12 01:58:06,2020-02-12 13:17:23
547,2020-03-19 19:55:08,2020-03-30 21:40:09
548,2019-12-27 03:01:12,2020-01-07 01:16:23
549,2019-12-25 20:59:57,2020-01-05 03:32:03
550,2019-02-14 20:24:22,2019-02-22 10:42:55
551,2020-04-02 04:22:01,2020-04-11 21:59:14
552,2020-05-02 22:14:30,2020-05-10 11:26:21
553,2020-01-07 12:30:35,2020-01-21 13:11:10
554,2020-10-12 08:09:04,2020-10-20 03:12:10
555,2020-05-03 23:33:59,2020-05-16 11:30:55
556,2019-09-08 05:12:15,2019-10-02 06:37:19
557,2020-02-18 15:06:45,2020-02-18 20:43:27
558,2020-02-15 07:35:35,2020-03-02 10:33:02
559,2020-02-19 14:34:35,2020-03-01 17:31:35
560,2019-02-11 11:46:02,2019-03-08 20:24:20
561,2020-06-15 07:31:09,2020-07-03 00:25:05
562,2019-03-12 22:05:35,2019-04-02 08:44:16
563,2019-12-28 08:50:27,2019-12-30 02:17:16
564,2019-11-01 11:37:15,2019-11-18 07:10:56
565,2018-12-17 22:56:52,2018-12-28 02:20:32
566,2019-04-04 10:39:41,2019-04-24 17:07:52
567,2020-09-27 22:03:59,2020-10-02 19:18:40
568,2020-02-02 16:14:27,2020-02-15 15:20:22
569,2019-06-20 19:30:34,2019-07-13 16:40:39
570,2019-11-15 23:34:11,2019-12-12 15:09:02
571,2019-08-28 03:25:06,2019-09-12 10:06:34
572,2019-03-13 00:11:15,2019-03-14 12:30:44
573,2019-12-30 04:38:17,2020-01-13 08:38:47
574,2020-06-03 20:51:07,2020-06-10 20:04:45
575,2020-11-10 18:57:10,2020-11-18 21:03:06
576,2019-08-21 11:17:53,2019-08-29 21:12:55
577,2020-06-08 14:17:19,2020-06-19 17:03:02
578,2019-02-17 05:15:15,2019-03-12 04:49:55
579,2019-01-18 21:26:20,2019-01-21 15:30:00
580,2019-12-18 11:42:52,2019-12-29 20:14:05
581,2019-12-06 04:19:26,2020-01-02 20:22:58
582,2019-04-29 00:59:57,2019-05-02 14:24:12
583,2020-02-29 21:14:13,2020-03-16 10:22:32
584,2020-11-03 21:53:57,2020-11-04 19:55:32
585,2019-09-28 11:57:21,2019-10-07 15:21:03
586,2020-11-22 08:14:26,2020-12-03 12:26:59
587,2020-03-24 07:49:50,2020-04-09 11:09:40
588,2018-12-09 10:13:06,2018-12-22 02:31:18
589,2020-08-15 07:36:41,2020-09-05 02:14:15
590,2020-05-06 19:27:14,2020-05-09 19:18:24
591,2019-10-12 17:43:02,2019-11-10 09:44:08
592,2020-04-27 17:21:14,2020-05-19 06:44:45
593,2019-05-15 03:37:17,2019-05-30 00:20:46
594,2019-06-10 12:21:13,2019-06-30 17:10:32
595,2020-05-28 00:52:55,2020-05-28 07:20:37
596,2020-11-19 13:35:32,2020-12-01 16:34:25
597,2019-06-26 10:41:56,2019-07-14 10:24:06
598,2019-04-07 12:15:16,2019-04-14 17:24:53
599,2019-12-20 13:52:40,2020-01-04 06:51:29
600,2019-01-27 01:13:11,2019-02-07 06:52:31
601,2020-07-22 23:56:48,2020-07-26 23:15:59
602,2019-04-03 22:20:08,2019-04-08 06:50:25
603,2020-08-06 03:26:25,2020-08-07 23:12:23
604,2020-06-14 03:59:55,2020-06-25 20:25:14
605,2019-02-25 11:48:10,2019-03-16 02:32:14
606,2020-01-11 22:25:58,2020-01-16 06:45:16
607,2020-07-04 10:57:50,2020-07-14 16:18:17
608,2020-04-30 13:04:31,2020-05-13 20:20:40
609,2020-03-08 11:07:10,2020-04-04 14:44:27
610,2018-12-28 04:02:36,2019-01-09 08:48:21
611,2019-08-17 04:13:00,2019-09-05 08:25:14
612,2020-06-20 10:50:19,2020-07-11 20:01:58
613,2019-11-05 20:41:13,2019-11-20 09:15:28
614,2019-10-11 15:00:35,2019-10-26 16:09:48
615,2020-11-15 14:07:45,2020-12-02 13:26:14
616,2018-12-12 06:32:26,2018-12-22 11:21:50
617,2019-08-03 03:40:54,2019-08-28 17:34:17
618,2020-02-26 17:50:17,2020-03-04 01:52:10
619,2019-09-21 21:04:54,2019-10-08 07:14:43
620,2019-02-02 09:47:34,2019-02-09 06:15:03
621,2020-08-22 01:01:54,2020-09-12 05:21:22
622,2019-11-14 00:58:18,2019-12-04 11:30:47
623,2019-07-02 12:26:39,2019-07-17 20:06:54
624,2020-05-06 22:46:02,2020-05-19 16:18:57
625,2020-04-06 08:19:50,2020-04-06 22:31:42
626,2020-01-14 16:22:05,2020-01-16 15:49:47
627,2019-02-14 16:47:22,2019-03-12 14:01:49
628,2020-05-19 18:18:18,2020-06-09 04:33:40
629,2019-12-20 07:59:16,2020-01-06 15:09:19
630,2020-10-20 05:09:18,2020-11-16 05:32:24
631,2019-07-15 07:03:07,2019-08-12 16:05:04
632,2020-10-13 11:05:42,2020-11-03 22:50:26
633,2019-08-11 20:52:18,2019-08-26 20:14:09
634,2019-06-18 16:19:06,2019-07-15 04:01:42
635,2020-04-20 17:39:45,2020-04-20 23:17:43
636,2020-02-10 00:06:52,2020-03-06 03:24:14
637,2019-07-10 02:53:51,2019-07-26 19:49:49
638,2020-07-29 14:47:14,2020-08-09 06:00:20
639,2019-02-13 19:18:23,2019-03-12 03:08:55
640,2019-11-21 03:01:19,2019-12-13 05:06:46
641,2019-07-16 01:01:00,2019-07-27 17:24:57
642,2019-01-17 10:19:09,2019-01-31 00:56:30
643,2020-04-15 12:35:58,2020-04-22 09:06:49
644,2020-03-14 01:49:53,2020-04-04 14:21:56
645,2020-11-13 08:15:40,2020-11-20 21:09:21
646,2019-02-17 13:53:30,2019-02-19 13:38:12
647,2020-03-31 21:53:36,2020-04-28 00:49:15
648,2019-02-23 15:27:35,2019-03-14 14:18:07
649,2019-01-26 12:20:56,2019-02-01 22:34:30
650,2019-08-13 07:12:15,2019-08-21 19:20:20
651,2020-09-29 08:10:53,2020-10-09 22:58:40
652,2020-09-25 02:46:06,2020-10-01 23:02:10
653,2020-10-21 17:59:53,2020-10-25 17:08:28
654,2019-05-22 12:24:03,2019-06-09 06:28:08
655,2020-11-11 13:38:57,2020-11-29 07:50:32
656,2019-01-18 06:37:51,2019-01-29 19:33:11
657,2019-06-15 12:36:46,2019-06-16 13:12:42
658,2020-03-04 22:25:13,2020-03-05 01:31:35
659,2019-10-21 07:20:10,2019-10-30 12:12:46
660,2019-01-24 10:25:09,2019-02-17 20:23:00
661,2020-01-30 17:29:08,2020-02-01 11:56:14
662,2020-04-11 07:05:54,2020-04-28 11:14:04
663,2020-04-20 09:58:55,2020-05-01 10:36:24
664,2020-05-27 23:54:05,2020-06-20 06:58:17
665,2020-02-16 12:10:16,2020-02-26 19:25:25
666,2020-08-20 07:09:35,2020-09-18 05:26:32
667,2019-03-23 22:47:19,2019-04-05 23:36:51
668,2019-07-06 06:48:13,2019-07-16 18:04:36
669,2020-05-26 20:37:09,2020-06-20 05:13:31
670,2019-11-24 01:08:09,2019-12-08 07:12:24
671,2019-03-11 17:52:45,2019-03-28 05:01:34
672,2020-06-15 16:13:13,2020-06-28 06:02:53
673,2020-11-30 11:07:32,2020-12-09 21:10:42
674,2019-01-26 15:07:21,2019-02-16 03:16:08
675,2019-12-01 05:47:56,2019-12-27 03:57:14
676,2019-12-01 02:11:36,2019-12-15 09:14:53
677,2020-03-15 06:34:30,2020-04-12 03:21:49
678,2020-04-26 09:37:51,2020-04-26 22:19:48
679,2020-06-06 04:02:44,2020-06-23 09:46:23
680,2019-08-24 19:30:56,2019-09-10 13:46:45
681,2019-05-30 22:25:19,2019-06-15 16:00:20
682,2019-06-03 21:08:58,2019-06-20 02:33:32
683,2019-05-20 06:16:28,2019-06-17 18:46:36
684,2019-06-10 08:23:55,2019-06-21 04:37:57
685,2019-06-12 09:12:05,2019-07-04 08:38:02
686,2019-06-30 22:27:26,2019-07-18 12:19:12
687,2020-01-16 12:06:36,2020-02-02 09:39:41
688,2019-10-09 20:47:47,2019-11-01 22:09:56
689,2020-09-24 19:17:06,2020-10-19 21:37:31
690,2020-04-11 08:56:32,2020-04-11 16:13:03
691,2020-07-17 23:23:54,2020-08-08 16:45:38
692,2020-03-02 23:52:46,2020-03-20 02:37:49
693,2019-12-10 11:42:36,2020-01-02 14:33:13
694,2019-04-07 01:30:41,2019-04-17 00:57:02
695,2019-10-30 04:05:11,2019-11-22 10:41:26
696,2020-10-26 15:52:11,2020-11-02 04:02:05
697,2019-06-15 19:35:47,2019-06-19 00:43:06
698,2020-11-19 11:44:32,2020-11-24 02:33:36
699,2020-06-26 10:29:40,2020-07-15 09:15:30
700,2020-07-08 15:25:06,2020-07-28 17:35:15
701,2020-05-06 14:10:57,2020-05-11 00:15:52
702,2019-04-02 01:32:25,2019-04-22 14:49:43
703,2020-02-22 01:17:04,2020-03-09 06:28:08
704,2020-02-14 01:49:47,2020-02-28 07:14:03
705,2019-03-07 01:45:26,2019-03-27 20:53:10
706,2019-01-05 05:52:45,2019-01-27 10:23:58
707,2020-10-05 23:26:13,2020-10-06 16:12:34
708,2020-09-16 14:43:14,2020-10-13 04:45:53
709,2020-07-28 13:08:19,2020-07-28 16:54:26
710,2020-08-10 19:31:22,2020-09-06 12:19:20
711,2019-06-11 08:56:18,2019-06-28 17:18:10
712,2019-09-27 07:20:42,2019-10-07 02:29:08
713,2019-12-03 14:46:58,2019-12-13 02:18:14
714,2020-07-09 13:28:50,2020-07-30 11:33:14
715,2019-03-24 15:25:33,2019-04-05 13:12:09
716,2019-12-03 14:30:31,2019-12-11 21:42:59
717,2020-10-13 15:04:18,2020-10-25 01:10:40
718,2019-11-07 13:02:56,2019-11-26 02:27:10
719,2019-05-21 01:30:35,2019-06-02 16:09:56
720,2020-01-15 14:47:38,2020-02-04 15:49:19
721,2020-08-12 14:52:49,2020-09-02 16:27:45
722,2019-01-12 18:31:00,2019-01-18 00:49:32
723,2020-05-18 07:59:52,2020-06-04 21:35:52
724,2019-05-09 03:45:09,2019-06-04 13:52:31
725,2020-07-23 04:04:40,2020-07-29 15:06:48
726,2020-11-28 21:39:38,2020-12-27 20:54:11
727,2019-06-29 20:15:10,2019-07-18 14:49:12
728,2020-06-28 08:28:22,2020-07-04 03:55:44
729,2019-08-23 21:12:49,2019-09-01 14:14:24
730,2020-07-30 23:48:42,2020-08-17 01:48:49
731,2020-05-15 14:33:43,2020-05-21 03:03:53
732,2019-01-20 11:51:07,2019-01-30 11:24:01
733,2019-12-10 12:37:00,2019-12-29 00:24:29
734,2019-09-04 04:14:52,2019-09-08 01:42:48
735,2019-10-15 20:32:05,2019-10-25 05:45:57
736,2019-04-30 05:47:50,2019-05-26 14:28:09
737,2018-12-09 23:52:59,2018-12-27 05:46:06
738,2020-09-06 19:47:41,2020-09-26 08:19:01
739,2018-12-12 11:09:13,2019-01-06 16:59:18
740,2019-08-03 06:34:55,2019-08-14 08:55:35
741,2020-07-12 09:04:46,2020-07-20 03:29:13
742,2019-08-01 03:52:45,2019-08-12 09:35:42
743,2018-12-07 18:55:34,2019-01-02 08:10:26
744,2019-04-23 11:18:59,2019-05-02 14:43:25
745,2019-12-27 09:51:33,2020-01-14 01:24:35
746,2019-08-21 01:04:17,2019-09-03 01:11:49
747,2020-08-15 02:45:35,2020-09-04 08:27:19
748,2019-07-12 16:25:49,2019-07-25 14:51:51
749,2019-11-21 23:26:07,2019-12-17 06:50:11
750,2020-04-16 18:41:39,2020-05-07 21:05:23
751,2020-09-23 01:14:29,2020-10-15 23:24:09
752,2020-02-21 06:44:31,2020-03-10 08:35:19
753,2020-09-03 01:59:48,2020-09-18 00:42:55
754,2020-08-19 04:26:21,2020-08-29 04:12:43
755,2018-12-13 09:31:07,2018-12-19 16:14:03
756,2019-05-03 14:10:41,2019-05-11 15:44:33
757,2019-03-11 01:54:13,2019-03-14 03:52:50
758,2018-12-21 12:26:33,2019-01-09 18:25:08
759,2020-03-10 18:42:34,2020-04-07 23:51:53
760,2019-08-09 10:44:04,2019-08-14 20:37:26
761,2020-11-22 18:41:49,2020-11-26 13:20:03
762,2019-09-01 16:35:32,2019-09-29 08:40:39
763,2020-10-21 00:15:24,2020-10-21 12:54:42
764,2020-07-09 09:18:20,2020-08-01 09:27:13
765,2020-06-22 05:21:18,2020-06-26 10:19:16
766,2018-12-25 10:47:25,2018-12-27 07:04:23
767,2019-02-10 05:30:43,2019-03-06 03:46:53
768,2019-12-04 11:59:03,2019-12-24 00:09:28
769,2020-09-18 11:27:01,2020-09-19 13:12:26
770,2019-07-08 16:59:35,2019-08-04 02:15:49
771,2019-11-19 10:27:18,2019-12-13 12:31:22
772,2019-11-24 00:12:06,2019-12-21 03:59:39
773,2020-07-02 22:44:41,2020-07-31 01:36:52
774,2020-01-26 00:23:52,2020-01-31 05:58:57
775,2019-09-06 15:05:44,2019-09-23 20:40:36
776,2020-09-13 01:23:20,2020-10-09 05:41:35
777,2019-09-09 01:06:39,2019-09-13 09:07:11
778,2019-09-18 10:46:25,2019-09-22 03:51:13
779,2019-05-28 18:20:45,2019-06-04 22:33:58
780,2020-03-27 18:55:08,2020-04-11 04:06:40
781,2020-11-08 12:19:38,2020-11-25 16:04:50
782,2020-04-09 02:26:07,2020-04-18 17:33:19
783,2020-02-01 09:53:22,2020-02-03 13:32:39
784,2020-04-14 05:35:30,2020-04-24 01:13:42
785,2019-05-24 07:01:03,2019-06-09 21:36:23
786,2020-04-27 04:57:25,2020-05-01 21:46:22
787,2020-08-12 17:48:39,2020-09-05 10:28:44
788,2019-03-18 02:02:50,2019-03-23 18:55:24
789,2019-03-24 04:32:35,2019-04-16 17:33:18
790,2018-12-18 00:58:47,2019-01-12 17:22:26
791,2019-08-17 02:04:48,2019-08-25 01:25:26
792,2019-02-27 00:34:16,2019-03-13 21:48:03
793,2019-11-11 14:22:59,2019-11-17 21:37:44
794,2020-01-29 21:41:06,2020-02-09 18:52:57
795,2019-11-08 20:10:24,2019-11-30 11:22:49
796,2019-02-03 06:37:31,2019-02-12 13:53:42
797,2020-02-17 03:13:24,2020-02-23 19:47:55
798,2019-11-20 11:04:07,2019-12-07 00:55:47
799,2019-02-04 16:43:05,2019-02-13 05:13:23
800,2020-01-06 07:10:45,2020-01-14 02:50:28
801,2020-11-27 16:17:41,2020-12-15 20:22:19
802,2020-02-27 03:56:07,2020-03-21 22:32:37
803,2020-07-22 16:05:13,2020-08-06 10:01:06
804,2019-09-24 03:44:48,2019-10-07 06:56:50
805,2020-11-09 18:18:10,2020-11-25 06:18:53
806,2019-09-26 15:32:22,2019-10-12 16:54:45
807,2019-01-25 04:39:59,2019-02-06 03:55:05
808,2020-02-25 19:57:55,2020-03-09 04:55:30
809,2018-12-31 00:47:51,2019-01-25 11:45:16
810,2019-06-19 22:09:42,2019-07-07 08:43:51
811,2019-05-19 20:22:04,2019-06-02 07:10:35
812,2020-07-09 19:51:17,2020-08-04 16:54:34
813,2020-09-26 15:05:06,2020-10-08 18:22:54
814,2020-02-07 18:04:47,2020-02-20 15:34:37
815,2020-01-09 05:17:00,2020-02-05 11:34:11
816,2019-11-07 19:24:01,2019-11-29 11:41:18
817,2020-06-11 12:13:36,2020-06-29 15:29:29
818,2020-09-05 00:31:11,2020-09-30 14:59:12
819,2020-09-23 06:53:54,2020-10-11 13:57:19
820,2020-07-20 23:25:48,2020-08-09 15:51:46
821,2019-09-04 17:57:57,2019-09-12 07:08:27
822,2019-04-07 19:46:27,2019-04-18 21:47:32
823,2019-01-17 17:28:38,2019-02-05 09:28:48
824,2019-04-06 00:07:12,2019-04-30 06:35:18
825,2019-08-05 05:30:36,2019-08-17 03:54:45
826,2019-05-28 11:20:15,2019-06-13 17:17:03
827,2019-07-31 08:38:24,2019-08-13 10:51:44
828,2020-05-20 17:52:46,2020-06-18 05:59:30
829,2019-04-26 18:17:47,2019-05-10 23:08:27
830,2019-05-25 06:24:12,2019-06-13 06:55:01
831,2020-01-13 07:33:38,2020-02-08 16:05:06
832,2019-08-25 03:13:53,2019-09-15 16:01:27
833,2019-08-28 08:04:56,2019-09-15 11:27:56
834,2020-08-23 21:01:36,2020-09-14 03:05:14
835,2019-10-27 21:39:53,2019-11-04 20:44:47
836,2019-06-08 05:12:18,2019-06-18 14:38:45
837,2020-09-03 00:52:59,2020-09-15 02:18:40
838,2020-07-19 21:23:53,2020-08-16 22:48:58
839,2019-11-13 11:31:28,2019-11-24 06:07:14
840,2020-06-05 00:49:12,2020-06-11 18:54:06
841,2020-07-13 21:01:31,2020-07-16 07:49:40
842,2019-06-24 05:11:44,2019-07-02 00:14:15
843,2019-05-18 22:36:13,2019-05-19 06:20:30
844,2019-04-25 05:43:39,2019-05-03 04:14:14
845,2020-05-10 17:56:20,2020-05-12 14:36:21
846,2019-11-21 00:11:23,2019-12-02 04:02:17
847,2020-02-01 23:24:47,2020-02-22 05:12:21
848,2019-06-19 11:06:41,2019-07-03 02:41:04
849,2020-03-09 07:43:18,2020-03-20 00:25:38
850,2020-09-22 22:10:17,2020-10-04 19:21:57
851,2020-10-01 13:31:35,2020-10-23 15:37:42
852,2018-12-12 09:38:08,2019-01-06 04:02:53
853,2020-11-16 19:53:12,2020-12-01 11:39:02
854,2019-05-05 19:14:57,2019-05-27 14:13:18
855,2019-06-22 22:30:36,2019-07-08 00:52:27
856,2020-07-14 14:07:58,2020-08-05 02:28:58
857,2020-10-29 04:34:16,2020-10-29 18:12:24
858,2019-12-01 09:51:07,2019-12-09 14:20:59
859,2020-09-17 14:02:04,2020-10-02 18:10:25
860,2020-04-19 00:10:11,2020-04-25 07:58:12
861,2020-09-27 14:45:44,2020-10-20 08:11:18
862,2020-06-05 01:23:43,2020-06-27 17:28:20
863,2019-08-19 00:45:14,2019-09-14 05:47:23
864,2019-02-03 13:01:32,2019-03-04 09:04:37
865,2020-06-23 16:00:31,2020-07-06 00:10:02
866,2019-10-22 21:58:19,2019-11-18 12:53:33
867,2019-09-18 16:39:22,2019-10-04 22:30:24
868,2019-09-22 10:23:32,2019-10-19 13:58:03
869,2019-06-04 12:54:54,2019-06-16 03:13:37
870,2019-05-03 07:30:54,2019-05-19 09:41:03
871,2020-11-26 13:48:15,2020-11-29 01:11:40
872,2020-10-13 18:34:29,2020-10-30 17:28:50
873,2019-01-30 19:04:03,2019-02-04 02:57:28
874,2019-04-30 04:43:01,2019-05-28 12:10:47
875,2018-12-22 13:46:39,2018-12-25 20:41:26
876,2020-09-11 03:35:59,2020-10-09 07:18:44
877,2019-02-28 23:07:09,2019-03-18 19:35:21
878,2020-03-23 20:41:59,2020-03-28 07:09:11
879,2020-02-28 07:20:57,2020-03-19 07:50:51
880,2020-11-07 06:06:13,2020-11-25 00:40:20
881,2020-11-10 16:10:49,2020-11-13 04:19:05
882,2020-11-29 08:14:57,2020-12-16 03:31:38
883,2020-06-02 07:59:47,2020-06-06 13:42:09
884,2019-08-11 11:39:04,2019-08-17 14:12:27
885,2019-04-04 20:47:30,2019-04-10 10:04:19
886,2020-09-21 02:09:27,2020-10-15 08:25:07
887,2020-03-10 19:57:09,2020-03-15 00:32:26
888,2019-12-21 23:22:28,2019-12-22 23:28:18
889,2020-09-09 05:33:59,2020-09-10 16:55:26
890,2020-12-01 11:18:59,2020-12-12 02:13:05
891,2020-11-12 22:51:16,2020-11-28 15:46:03
892,2020-01-07 04:57:08,2020-01-18 04:08:08
893,2020-05-31 01:19:53,2020-06-26 05:40:34
894,2020-02-06 12:44:42,2020-02-11 05:23:13
895,2020-04-03 02:52:11,2020-04-07 22:03:18
896,2020-11-18 11:52:16,2020-12-15 07:57:46
897,2020-06-11 01:39:41,2020-07-04 19:08:30
898,2020-01-28 19:17:35,2020-02-24 04:08:50
899,2019-04-07 02:47:15,2019-04-28 03:22:13
900,2019-11-23 20:12:30,2019-12-19 03:44:22
901,2019-06-20 07:23:15,2019-07-11 01:37:56
902,2020-05-15 01:14:21,2020-05-26 13:51:59
903,2020-01-02 09:06:56,2020-01-19 16:26:57
904,2019-04-15 15:36:46,2019-04-17 22:38:36
905,2020-01-29 22:59:43,2020-02-13 21:35:07
906,2019-03-15 16:06:32,2019-03-17 21:40:09
907,2019-10-08 16:27:44,2019-10-14 07:43:38
908,2020-10-30 03:34:37,2020-11-15 23:29:17
909,2020-02-23 12:53:46,2020-03-23 10:46:02
910,2019-02-16 20:59:43,2019-02-17 04:02:34
911,2019-09-24 01:32:39,2019-10-07 05:06:24
912,2019-06-27 18:01:41,2019-07-16 05:12:41
913,2020-09-23 00:43:54,2020-10-03 01:41:27
914,2020-08-29 08:54:07,2020-08-31 12:09:04
915,2020-09-24 13:06:42,2020-10-01 00:16:28
916,2020-01-01 03:29:18,2020-01-19 12:56:46
917,2020-01-25 17:01:33,2020-02-08 08:09:59
918,2019-05-09 23:05:21,2019-05-18 20:14:05
919,2019-07-03 14:57:07,2019-07-20 11:24:23
920,2019-07-23 09:55:05,2019-08-09 02:30:36
921,2020-02-23 06:22:10,2020-03-22 14:37:47
922,2019-01-30 00:51:46,2019-02-20 00:46:18
923,2019-09-16 01:23:47,2019-09-27 04:25:58
924,2019-06-26 06:41:57,2019-07-19 04:30:16
925,2020-06-27 22:59:26,2020-06-30 22:17:20
926,2020-10-05 07:48:00,2020-10-17 03:30:51
927,2019-09-02 03:48:31,2019-09-20 22:14:13
928,2019-08-15 12:30:48,2019-08-21 01:40:48
929,2019-04-02 15:50:34,2019-04-10 19:02:15
930,2020-11-15 03:09:52,2020-11-20 02:38:49
931,2020-08-25 03:49:15,2020-08-25 10:54:47
932,2019-01-27 16:28:46,2019-01-27 18:56:21
933,2020-01-13 23:40:19,2020-02-10 05:48:43
934,2020-03-28 09:06:04,2020-04-02 23:59:14
935,2019-06-30 05:12:32,2019-07-14 06:14:32
936,2020-05-04 20:22:24,2020-05-25 05:39:25
937,2019-01-03 11:27:33,2019-01-28 04:46:06
938,2019-03-25 13:21:29,2019-04-16 22:32:26
939,2019-09-04 01:41:56,2019-09-21 14:47:00
940,2019-11-12 17:50:15,2019-12-07 03:25:08
941,2020-10-13 12:22:50,2020-10-30 17:13:19
942,2020-11-30 00:52:34,2020-12-12 06:34:49
943,2020-06-30 05:14:53,2020-07-09 00:35:30
944,2019-05-23 22:37:56,2019-06-09 12:39:20
945,2020-11-12 22:13:57,2020-11-23 17:56:06
946,2020-10-24 06:23:56,2020-11-01 21:08:53
947,2020-09-14 11:25:14,2020-09-21 05:08:01
948,2020-05-01 10:26:57,2020-05-14 04:08:07
949,2020-11-07 23:34:55,2020-11-09 19:46:57
950,2019-07-13 02:00:43,2019-07-20 23:56:23
951,2020-11-09 10:28:09,2020-11-14 18:12:33
952,2020-03-01 20:51:38,2020-03-21 00:46:01
953,2019-07-17 05:55:58,2019-08-01 09:02:15
954,2020-11-29 07:17:03,2020-12-22 05:25:51
955,2019-05-21 09:25:26,2019-06-04 20:37:09
956,2020-05-20 14:46:56,2020-05-26 01:28:27
957,2019-12-13 03:33:46,2019-12-17 21:34:13
958,2020-11-25 04:33:57,2020-12-09 03:42:13
959,2018-12-04 18:47:20,2019-01-02 01:12:06
960,2018-12-14 23:00:50,2019-01-12 12:45:35
961,2019-08-03 22:31:52,2019-08-17 11:35:58
962,2019-12-29 12:45:56,2020-01-08 20:56:46
963,2020-04-08 17:31:04,2020-04-11 20:29:36
964,2020-11-24 23:40:27,2020-11-28 09:55:32
965,2019-08-18 05:55:44,2019-09-04 08:01:59
966,2020-08-16 10:00:33,2020-09-13 22:45:30
967,2019-09-01 15:53:02,2019-09-08 13:17:09
968,2019-10-28 08:29:56,2019-10-30 04:43:02
969,2020-03-03 20:11:49,2020-03-26 00:52:11
970,2019-08-23 20:08:52,2019-08-28 17:52:19
971,2020-02-19 06:41:15,2020-03-17 14:30:30
972,2020-11-11 02:48:38,2020-12-07 19:58:29
973,2020-06-28 15:19:03,2020-07-25 01:14:12
974,2019-09-26 02:38:50,2019-10-06 17:05:23
975,2019-10-23 17:39:15,2019-11-10 13:23:21
976,2020-10-10 13:09:11,2020-11-07 07:30:49
977,2020-03-30 23:24:14,2020-04-21 03:50:27
978,2020-05-14 08:47:41,2020-05-23 18:28:11
979,2019-08-25 01:18:09,2019-08-31 12:15:05
980,2019-01-31 11:45:48,2019-02-14 03:29:54
981,2019-08-21 08:27:41,2019-09-05 19:53:15
982,2019-11-06 07:12:40,2019-11-30 16:10:05
983,2020-01-08 10:40:32,2020-01-15 19:14:24
984,2018-12-07 14:30:06,2018-12-09 01:10:56
985,2020-01-25 17:36:37,2020-02-02 04:10:57
986,2019-09-25 08:25:41,2019-10-23 16:35:13
987,2020-01-02 03:51:22,2020-01-10 00:46:02
988,2019-09-06 09:00:20,2019-09-23 20:25:25
989,2019-03-23 09:37:06,2019-04-02 07:07:54
990,2019-04-24 18:22:10,2019-05-12 23:20:16
991,2020-04-15 00:26:45,2020-05-13 16:53:43
992,2020-05-25 06:54:08,2020-06-15 17:52:25
993,2019-06-19 01:14:23,2019-07-02 08:35:27
994,2020-07-21 11:13:49,2020-07-28 02:19:51
995,2019-10-26 18:26:21,2019-11-20 18:23:28
996,2020-02-16 16:48:38,2020-02-26 14:26:05
997,2020-11-23 07:15:04,2020-12-13 19:07:36
998,2018-12-25 03:33:13,2018-12-27 13:16:20
999,2020-10-01 13:23:35,2020-10-12 15:16:19
1000,2020-07-13 04:18:14,2020-07-29 22:35:59
